{
  "id": "54fa384a-864c-4b20-ac93-f80e3beb8209",
  "name": "How will students get internships?",
  "auto": true,
  "contexts": [],
  "userSays": [
    {
      "id": "5e0d5603-3412-43ae-9c4c-3233647ffa1c",
      "data": [
        {
          "text": "How do you start an internship"
        }
      ],
      "isTemplate": false,
      "count": 0
    }
  ],
  "responses": [
    {
      "resetContexts": false,
      "affectedContexts": [],
      "parameters": []
    }
  ],
  "priority": 500000,
  "webhookUsed": false,
  "fallbackIntent": false
}