{
  "id": "39b31d07-b999-4bb6-bb56-5e78e3295da6",
  "name": "How many advisors are there?",
  "auto": true,
  "contexts": [],
  "userSays": [
    {
      "id": "a26f5273-2fa3-4d3e-a67f-b4b69137a25f",
      "data": [
        {
          "text": "How many advisors are there?"
        }
      ],
      "isTemplate": false,
      "count": 1
    }
  ],
  "responses": [
    {
      "resetContexts": false,
      "affectedContexts": [],
      "parameters": []
    }
  ],
  "priority": 500000,
  "webhookUsed": false,
  "fallbackIntent": false
}